CREATE TABLE CLAMPING (ID INTEGER NOT NULL GENERATED BY DEFAULT AS IDENTITY, TYPE INTEGER NOT NULL, RELATIVE_POSITION INTEGER NOT NULL, SMOOTH_TO INTEGER NOT NULL, SMOOTH_FROM INTEGER NOT NULL, HEIGHT DOUBLE NOT NULL, IMAGE_URL VARCHAR(200), NAME VARCHAR(100) NOT NULL, CONSTRAINT PKEY_CLAMPING PRIMARY KEY (ID), CONSTRAINT CLAMPING_NAME UNIQUE (NAME));
INSERT INTO CLAMPING (ID, TYPE, RELATIVE_POSITION, SMOOTH_TO, SMOOTH_FROM, HEIGHT, IMAGE_URL, NAME) VALUES (1, 1, 3, 4, 5, 0.0, null, 'Shunk');
INSERT INTO CLAMPING (ID, TYPE, RELATIVE_POSITION, SMOOTH_TO, SMOOTH_FROM, HEIGHT, IMAGE_URL, NAME) VALUES (2, 2, 6, 7, 8, 25.0, null, 'Präge');
INSERT INTO CLAMPING (ID, TYPE, RELATIVE_POSITION, SMOOTH_TO, SMOOTH_FROM, HEIGHT, IMAGE_URL, NAME) VALUES (3, 3, 9, 10, 11, 0.0, null, 'IRS M Basic');
CREATE TABLE CLAMPING_CLAMPING (CLAMPING1 INTEGER NOT NULL, CLAMPING2 INTEGER NOT NULL, CONSTRAINT PKEY_CLAMPING_CLAMPING PRIMARY KEY (CLAMPING1, CLAMPING2));
CREATE TABLE CLAMPING_TYPE (ID INTEGER NOT NULL GENERATED BY DEFAULT AS IDENTITY, NAME VARCHAR(100) NOT NULL, CONSTRAINT PKEY_CLAMPING_TYPE PRIMARY KEY (ID));
INSERT INTO CLAMPING_TYPE (ID, NAME) VALUES (1, 'CENTRUM');
INSERT INTO CLAMPING_TYPE (ID, NAME) VALUES (2, 'FIXED');
INSERT INTO CLAMPING_TYPE (ID, NAME) VALUES (3, 'NONE');
CREATE TABLE CNCMILLINGMACHINE (ID INTEGER NOT NULL, DEVICEINTERFACE INTEGER NOT NULL, CONSTRAINT PKEY_CNCMILLINGMACHINE PRIMARY KEY (ID));
INSERT INTO CNCMILLINGMACHINE (ID, DEVICEINTERFACE) VALUES (1, 1);
CREATE TABLE COORDINATES (ID INTEGER NOT NULL GENERATED BY DEFAULT AS IDENTITY, X DOUBLE DEFAULT 0 NOT NULL, Y DOUBLE DEFAULT 0 NOT NULL, Z DOUBLE DEFAULT 0 NOT NULL, W DOUBLE DEFAULT 0 NOT NULL, P DOUBLE DEFAULT 0 NOT NULL, R DOUBLE DEFAULT 0 NOT NULL, CONSTRAINT PKEY_COORDINATES PRIMARY KEY (ID));
INSERT INTO COORDINATES (ID, X, Y, Z, W, P, R) VALUES (1, 0.06, 860.967, 1.567, -90.0, 0.0, 0.0);
INSERT INTO COORDINATES (ID, X, Y, Z, W, P, R) VALUES (2, -2256.396, 1000.0, 1527.211, -75.0, 0.0, 0.0);
INSERT INTO COORDINATES (ID, X, Y, Z, W, P, R) VALUES (3, 1.0, -1.0, 2.5, 0.0, 0.0, 0.0);
INSERT INTO COORDINATES (ID, X, Y, Z, W, P, R) VALUES (4, 0.0, 0.0, 10.0, 0.0, 0.0, 0.0);
INSERT INTO COORDINATES (ID, X, Y, Z, W, P, R) VALUES (5, 0.0, 0.0, 10.0, 0.0, 0.0, 0.0);
INSERT INTO COORDINATES (ID, X, Y, Z, W, P, R) VALUES (6, 100.0, 20.0, 10.0, 0.0, 0.0, 0.0);
INSERT INTO COORDINATES (ID, X, Y, Z, W, P, R) VALUES (7, 0.0, 2.0, 5.0, 0.0, 0.0, 0.0);
INSERT INTO COORDINATES (ID, X, Y, Z, W, P, R) VALUES (8, 0.0, 2.0, 5.0, 0.0, 0.0, 0.0);
INSERT INTO COORDINATES (ID, X, Y, Z, W, P, R) VALUES (9, 0.0, 0.0, 0.0, 0.0, 0.0, 0.0);
INSERT INTO COORDINATES (ID, X, Y, Z, W, P, R) VALUES (10, 5.0, 0.0, 5.0, 0.0, 0.0, 0.0);
INSERT INTO COORDINATES (ID, X, Y, Z, W, P, R) VALUES (11, 5.0, 0.0, 5.0, 0.0, 0.0, 0.0);
INSERT INTO COORDINATES (ID, X, Y, Z, W, P, R) VALUES (12, 5.0, 0.0, 5.0, 0.0, 0.0, 0.0);
INSERT INTO COORDINATES (ID, X, Y, Z, W, P, R) VALUES (13, 0.0, 0.0, 10.0, 0.0, 0.0, 0.0);
INSERT INTO COORDINATES (ID, X, Y, Z, W, P, R) VALUES (14, 0.0, 0.0, 10.0, 0.0, 0.0, 0.0);
INSERT INTO COORDINATES (ID, X, Y, Z, W, P, R) VALUES (15, 5.0, 0.0, 5.0, 0.0, 0.0, 0.0);
CREATE TABLE DEVICE (ID INTEGER NOT NULL GENERATED BY DEFAULT AS IDENTITY, NAME VARCHAR(100) NOT NULL, TYPE INTEGER NOT NULL, CONSTRAINT PRKEY_DEVICE PRIMARY KEY (ID), CONSTRAINT DEVICE_NAME UNIQUE (NAME));
INSERT INTO DEVICE (ID, NAME, TYPE) VALUES (1, 'Mazak VRX J500', 1);
INSERT INTO DEVICE (ID, NAME, TYPE) VALUES (2, 'IRS M Basic', 2);
INSERT INTO DEVICE (ID, NAME, TYPE) VALUES (3, 'Präge Device', 3);
CREATE TABLE DEVICEACTIONSETTINGS (ID INTEGER NOT NULL GENERATED BY DEFAULT AS IDENTITY, DEVICE INTEGER NOT NULL, WORKAREA INTEGER NOT NULL, STEP INTEGER NOT NULL, CONSTRAINT PKEY_DEVICEACTIONSETTINGS PRIMARY KEY (ID));
INSERT INTO DEVICEACTIONSETTINGS (ID, DEVICE, WORKAREA, STEP) VALUES (1, 2, 2, 1);
INSERT INTO DEVICEACTIONSETTINGS (ID, DEVICE, WORKAREA, STEP) VALUES (2, 1, 1, 2);
INSERT INTO DEVICEACTIONSETTINGS (ID, DEVICE, WORKAREA, STEP) VALUES (3, 1, 1, 3);
INSERT INTO DEVICEACTIONSETTINGS (ID, DEVICE, WORKAREA, STEP) VALUES (4, 1, 1, 4);
INSERT INTO DEVICEACTIONSETTINGS (ID, DEVICE, WORKAREA, STEP) VALUES (5, 2, 2, 5);
CREATE TABLE DEVICEINTERFACE (ID INTEGER NOT NULL GENERATED BY DEFAULT AS IDENTITY, SOCKETCONNECTION INTEGER NOT NULL, CONSTRAINT PRKEY_DEVICEINTERFACE PRIMARY KEY (ID));
INSERT INTO DEVICEINTERFACE (ID, SOCKETCONNECTION) VALUES (1, 1);
CREATE TABLE DEVICESETTINGS (ID INTEGER NOT NULL GENERATED BY DEFAULT AS IDENTITY, DEVICE INTEGER NOT NULL, PROCESSFLOW INTEGER NOT NULL, CONSTRAINT PKEY_DEVICESETTINGS PRIMARY KEY (ID));
INSERT INTO DEVICESETTINGS (ID, DEVICE, PROCESSFLOW) VALUES (1, 1, 1);
INSERT INTO DEVICESETTINGS (ID, DEVICE, PROCESSFLOW) VALUES (2, 2, 1);
CREATE TABLE DEVICESETTINGS_WORKAREA_CLAMPING (ID INTEGER NOT NULL GENERATED BY DEFAULT AS IDENTITY, DEVICESETTINGS INTEGER NOT NULL, WORKAREA_CLAMPING INTEGER NOT NULL, CONSTRAINT PKEY_DEVICESETTINGS_WORKAREA_CLAMPING PRIMARY KEY (ID));
INSERT INTO DEVICESETTINGS_WORKAREA_CLAMPING (ID, DEVICESETTINGS, WORKAREA_CLAMPING) VALUES (1, 1, 1);
INSERT INTO DEVICESETTINGS_WORKAREA_CLAMPING (ID, DEVICESETTINGS, WORKAREA_CLAMPING) VALUES (2, 2, 3);
CREATE TABLE DEVICETYPE (ID INTEGER NOT NULL GENERATED BY DEFAULT AS IDENTITY, NAME VARCHAR(100), CONSTRAINT PKEY_DEVICETYPE PRIMARY KEY (ID));
INSERT INTO DEVICETYPE (ID, NAME) VALUES (1, 'CNC MILLING');
INSERT INTO DEVICETYPE (ID, NAME) VALUES (2, 'STACKPLATE');
INSERT INTO DEVICETYPE (ID, NAME) VALUES (3, 'PRÄGE DEVICE');
CREATE TABLE FANUCROBOT (ID INTEGER NOT NULL, SOCKETCONNECTION INTEGER NOT NULL, CONSTRAINT PKEY_FANUCROBOT PRIMARY KEY (ID));
INSERT INTO FANUCROBOT (ID, SOCKETCONNECTION) VALUES (1, 2);
CREATE TABLE GRIPPER (ID INTEGER NOT NULL GENERATED BY DEFAULT AS IDENTITY, HEIGHT DOUBLE NOT NULL, FIXEDHEIGHT BOOLEAN DEFAULT FALSE NOT NULL, NAME VARCHAR(100) NOT NULL, DESCRIPTION VARCHAR(2000) NOT NULL, IMAGE_URL VARCHAR(200) NOT NULL, CONSTRAINT PKEY_GRIPPER PRIMARY KEY (ID));
INSERT INTO GRIPPER (ID, HEIGHT, FIXEDHEIGHT, NAME, DESCRIPTION, IMAGE_URL) VALUES (1, 130.0, false, 'Vacuum Grip', 'Vacuum Grip type 1', 'img/grippers/gripper1.png');
INSERT INTO GRIPPER (ID, HEIGHT, FIXEDHEIGHT, NAME, DESCRIPTION, IMAGE_URL) VALUES (2, 133.0, true, '2P Clamp Grip 1', 'Clamp Grip, two points', 'img/grippers/gripper2.png');
INSERT INTO GRIPPER (ID, HEIGHT, FIXEDHEIGHT, NAME, DESCRIPTION, IMAGE_URL) VALUES (3, 133.0, true, '2P Clamp Grip 2', 'Clamp Grip, two points', 'img/grippers/gripper2.png');
CREATE TABLE GRIPPERBODY (ID INTEGER NOT NULL GENERATED BY DEFAULT AS IDENTITY, NAME VARCHAR(100) NOT NULL, DESCRIPTION VARCHAR(2000) NOT NULL, CONSTRAINT PKEY_GRIPPERBODY PRIMARY KEY (ID));
INSERT INTO GRIPPERBODY (ID, NAME, DESCRIPTION) VALUES (1, 'Cube', 'Cube body');
CREATE TABLE GRIPPERHEAD (ID INTEGER NOT NULL GENERATED BY DEFAULT AS IDENTITY, NAME VARCHAR(100) NOT NULL, GRIPPERBODY INTEGER NOT NULL, CONSTRAINT PKEY_GRIPPERHEAD PRIMARY KEY (ID));
INSERT INTO GRIPPERHEAD (ID, NAME, GRIPPERBODY) VALUES (1, 'A', 1);
INSERT INTO GRIPPERHEAD (ID, NAME, GRIPPERBODY) VALUES (2, 'B', 1);
CREATE TABLE GRIPPERHEAD_GRIPPER (ID INTEGER NOT NULL GENERATED BY DEFAULT AS IDENTITY, GRIPPERHEAD INTEGER NOT NULL, GRIPPER INTEGER NOT NULL, CONSTRAINT PKEY_GRIPPERHEAD_GRIPPER PRIMARY KEY (ID));
INSERT INTO GRIPPERHEAD_GRIPPER (ID, GRIPPERHEAD, GRIPPER) VALUES (1, 1, 1);
INSERT INTO GRIPPERHEAD_GRIPPER (ID, GRIPPERHEAD, GRIPPER) VALUES (2, 1, 2);
INSERT INTO GRIPPERHEAD_GRIPPER (ID, GRIPPERHEAD, GRIPPER) VALUES (3, 1, 3);
INSERT INTO GRIPPERHEAD_GRIPPER (ID, GRIPPERHEAD, GRIPPER) VALUES (4, 2, 1);
INSERT INTO GRIPPERHEAD_GRIPPER (ID, GRIPPERHEAD, GRIPPER) VALUES (5, 2, 2);
INSERT INTO GRIPPERHEAD_GRIPPER (ID, GRIPPERHEAD, GRIPPER) VALUES (6, 2, 3);
CREATE TABLE INTERVENTIONSTEP (ID INTEGER NOT NULL, FREQUENCY INTEGER NOT NULL, CONSTRAINT PKEY_INTERVENTIONSTEP PRIMARY KEY (ID));
CREATE TABLE PROCESSFLOW (ID INTEGER NOT NULL GENERATED BY DEFAULT AS IDENTITY, NAME VARCHAR(100) NOT NULL, DESCRIPTION VARCHAR(2000) NOT NULL, CREATION TIMESTAMP NOT NULL, LASTOPENED TIMESTAMP, CONSTRAINT PKEY_PROCESSFLOW PRIMARY KEY (ID));
INSERT INTO PROCESSFLOW (ID, NAME, DESCRIPTION, CREATION, LASTOPENED) VALUES (1, 'TEST PROCESS', 'Proces gebruikt om de database mapping te testen.', '2013-02-07 13:47:10', null);
CREATE TABLE ROBOT (ID INTEGER NOT NULL GENERATED BY DEFAULT AS IDENTITY, NAME VARCHAR(100) NOT NULL, TYPE INTEGER NOT NULL, CONSTRAINT PKEY_ROBOT PRIMARY KEY (ID));
INSERT INTO ROBOT (ID, NAME, TYPE) VALUES (1, 'Fanuc M20iA', 1);
CREATE TABLE ROBOTACTIONSETTINGS (ID INTEGER NOT NULL GENERATED BY DEFAULT AS IDENTITY, STEP INTEGER NOT NULL, GRIPPERHEAD INTEGER NOT NULL, SMOOTHPOINT INTEGER NOT NULL, ROBOT INTEGER NOT NULL, CONSTRAINT PKEY_ROBOTACTIONSETTINGS PRIMARY KEY (ID));
INSERT INTO ROBOTACTIONSETTINGS (ID, STEP, GRIPPERHEAD, SMOOTHPOINT, ROBOT) VALUES (1, 1, 1, 12, 1);
INSERT INTO ROBOTACTIONSETTINGS (ID, STEP, GRIPPERHEAD, SMOOTHPOINT, ROBOT) VALUES (2, 2, 1, 13, 1);
INSERT INTO ROBOTACTIONSETTINGS (ID, STEP, GRIPPERHEAD, SMOOTHPOINT, ROBOT) VALUES (3, 4, 2, 14, 1);
INSERT INTO ROBOTACTIONSETTINGS (ID, STEP, GRIPPERHEAD, SMOOTHPOINT, ROBOT) VALUES (4, 5, 2, 15, 1);
CREATE TABLE ROBOTPICKSETTINGS (ID INTEGER NOT NULL, WORKPIECE INTEGER NOT NULL, AIRBLOW BOOLEAN DEFAULT FALSE NOT NULL, CONSTRAINT PKEY_ROBOTPICKSETTINGS PRIMARY KEY (ID));
INSERT INTO ROBOTPICKSETTINGS (ID, WORKPIECE, AIRBLOW) VALUES (1, 1, false);
INSERT INTO ROBOTPICKSETTINGS (ID, WORKPIECE, AIRBLOW) VALUES (3, 2, false);
CREATE TABLE ROBOTPUTSETTINGS (ID INTEGER NOT NULL, AIRBLOW BOOLEAN DEFAULT FALSE NOT NULL, CONSTRAINT PKEY_ROBOTPUTSETTINGS PRIMARY KEY (ID));
INSERT INTO ROBOTPUTSETTINGS (ID, AIRBLOW) VALUES (2, false);
INSERT INTO ROBOTPUTSETTINGS (ID, AIRBLOW) VALUES (4, false);
CREATE TABLE ROBOTSETTINGS (ID INTEGER NOT NULL GENERATED BY DEFAULT AS IDENTITY, ROBOT INTEGER NOT NULL, ACTIVEGRIPPERBODY INTEGER NOT NULL, PROCESSFLOW INTEGER NOT NULL, CONSTRAINT PKEY_ROBOTSETTINGS PRIMARY KEY (ID));
INSERT INTO ROBOTSETTINGS (ID, ROBOT, ACTIVEGRIPPERBODY, PROCESSFLOW) VALUES (1, 1, 1, 1);
CREATE TABLE ROBOTSETTINGS_GRIPPERHEAD_GRIPPER (ID INTEGER NOT NULL GENERATED BY DEFAULT AS IDENTITY, ROBOTSETTINGS INTEGER NOT NULL, GRIPPERHEAD_GRIPPER INTEGER NOT NULL, CONSTRAINT PKEY_ROBOTSETTINGS_GRIPPERBODY_GRIPPER PRIMARY KEY (ID));
INSERT INTO ROBOTSETTINGS_GRIPPERHEAD_GRIPPER (ID, ROBOTSETTINGS, GRIPPERHEAD_GRIPPER) VALUES (1, 1, 2);
INSERT INTO ROBOTSETTINGS_GRIPPERHEAD_GRIPPER (ID, ROBOTSETTINGS, GRIPPERHEAD_GRIPPER) VALUES (2, 1, 4);
CREATE TABLE ROBOTTYPE (ID INTEGER NOT NULL GENERATED BY DEFAULT AS IDENTITY, NAME VARCHAR(100) NOT NULL, CONSTRAINT PKEY_ROBOTTYPE PRIMARY KEY (ID));
INSERT INTO ROBOTTYPE (ID, NAME) VALUES (1, 'FANUC');
CREATE TABLE ROBOT_GRIPPERBODY (ID INTEGER NOT NULL GENERATED BY DEFAULT AS IDENTITY, ROBOT INTEGER NOT NULL, GRIPPERBODY INTEGER NOT NULL, CONSTRAINT PKEY_ROBOT_GRIPPERBODY PRIMARY KEY (ID));
INSERT INTO ROBOT_GRIPPERBODY (ID, ROBOT, GRIPPERBODY) VALUES (1, 1, 1);
CREATE TABLE SCHEMACHANGES (ID INTEGER NOT NULL GENERATED BY DEFAULT AS IDENTITY, MAJORRELEASENR INTEGER NOT NULL, MINORRELEASENR INTEGER NOT NULL, POINTRELEASENR INTEGER NOT NULL, SCRIPTNAME VARCHAR(200) NOT NULL, APPLIED TIMESTAMP NOT NULL, CONSTRAINT PKEY_SCHEMACHANGES PRIMARY KEY (ID));
CREATE TABLE SOCKETCONNECTION (ID INTEGER NOT NULL GENERATED BY DEFAULT AS IDENTITY, IPADDRESS VARCHAR(50) NOT NULL, PORTNR INTEGER NOT NULL, CLIENT BOOLEAN DEFAULT TRUE NOT NULL, NAME VARCHAR(100) NOT NULL, CONSTRAINT PRKEY_SOCKETCONNECTION PRIMARY KEY (ID), CONSTRAINT SOCKETCONNECTION_IPPORT UNIQUE (IPADDRESS, PORTNR), CONSTRAINT SOCKETCONNECTION_NAME UNIQUE (NAME));
INSERT INTO SOCKETCONNECTION (ID, IPADDRESS, PORTNR, CLIENT, NAME) VALUES (1, '127.0.0.1', 2010, true, 'Mazak VRX J500');
INSERT INTO SOCKETCONNECTION (ID, IPADDRESS, PORTNR, CLIENT, NAME) VALUES (2, '127.0.0.1', 2001, true, 'Fanuc M20iA');
CREATE TABLE STACKPLATE (ID INTEGER NOT NULL, HORIZONTALHOLEAMOUNT INTEGER NOT NULL, VERTICALHOLEAMOUNT INTEGER NOT NULL, HOLEDIAMETER DOUBLE NOT NULL, STUDDIAMETER DOUBLE NOT NULL, HORIZONTALPADDING DOUBLE NOT NULL, VERTICALPADDINGTOP DOUBLE NOT NULL, VERTICALPADDINGBOTTOM DOUBLE NOT NULL, HORIZONTALHOLEDISTANCE DOUBLE NOT NULL, INTERFERENCEDISTANCE DOUBLE NOT NULL, OVERFLOWPERCENTAGE DOUBLE NOT NULL, CONSTRAINT PKEY_STACKPLATE PRIMARY KEY (ID));
INSERT INTO STACKPLATE (ID, HORIZONTALHOLEAMOUNT, VERTICALHOLEAMOUNT, HOLEDIAMETER, STUDDIAMETER, HORIZONTALPADDING, VERTICALPADDINGTOP, VERTICALPADDINGBOTTOM, HORIZONTALHOLEDISTANCE, INTERFERENCEDISTANCE, OVERFLOWPERCENTAGE) VALUES (2, 27, 7, 10.0, 15.0, 45.0, 40.0, 26.0, 35.0, 1.0, 0.5);
CREATE TABLE STACKPLATEORIENTATION (ID INTEGER NOT NULL GENERATED BY DEFAULT AS IDENTITY, NAME VARCHAR(100) NOT NULL, CONSTRAINT PKEY_BASICSTACKPLATEORIENTATION PRIMARY KEY (ID));
INSERT INTO STACKPLATEORIENTATION (ID, NAME) VALUES (1, 'HORIZONTAL');
INSERT INTO STACKPLATEORIENTATION (ID, NAME) VALUES (2, 'TILTED');
CREATE TABLE STACKPLATESETTINGS (ID INTEGER NOT NULL, AMOUNT INTEGER NOT NULL, ORIENTATION INTEGER NOT NULL, RAWWORKPIECE INTEGER NOT NULL, FINISHEDWORKPIECE INTEGER NOT NULL, CONSTRAINT PKEY_BASICSTACKPLATESETTINGS PRIMARY KEY (ID));
INSERT INTO STACKPLATESETTINGS (ID, AMOUNT, ORIENTATION, RAWWORKPIECE, FINISHEDWORKPIECE) VALUES (2, 10, 1, 1, 2);
CREATE TABLE STEP (ID INTEGER NOT NULL GENERATED BY DEFAULT AS IDENTITY, PROCESSFLOW INTEGER NOT NULL, TYPE INTEGER NOT NULL, INDEX INTEGER NOT NULL, CONSTRAINT PKEY_STEP PRIMARY KEY (ID));
INSERT INTO STEP (ID, PROCESSFLOW, TYPE, INDEX) VALUES (1, 1, 1, 1);
INSERT INTO STEP (ID, PROCESSFLOW, TYPE, INDEX) VALUES (2, 1, 2, 2);
INSERT INTO STEP (ID, PROCESSFLOW, TYPE, INDEX) VALUES (3, 1, 3, 3);
INSERT INTO STEP (ID, PROCESSFLOW, TYPE, INDEX) VALUES (4, 1, 1, 4);
INSERT INTO STEP (ID, PROCESSFLOW, TYPE, INDEX) VALUES (5, 1, 2, 5);
CREATE TABLE STEPTYPE (ID INTEGER NOT NULL GENERATED BY DEFAULT AS IDENTITY, NAME VARCHAR(100) NOT NULL, CONSTRAINT PKEY_STEPTYPE PRIMARY KEY (ID));
INSERT INTO STEPTYPE (ID, NAME) VALUES (1, 'PICK');
INSERT INTO STEPTYPE (ID, NAME) VALUES (2, 'PUT');
INSERT INTO STEPTYPE (ID, NAME) VALUES (3, 'PROCESSING');
INSERT INTO STEPTYPE (ID, NAME) VALUES (4, 'INTERVENTION');
INSERT INTO STEPTYPE (ID, NAME) VALUES (5, 'PUTANDWAIT');
INSERT INTO STEPTYPE (ID, NAME) VALUES (6, 'PICKAFTERWAIT');
INSERT INTO STEPTYPE (ID, NAME) VALUES (7, 'PROCESSINGWHILEWAITING');
CREATE TABLE STEP_COORDINATES (ID INTEGER NOT NULL GENERATED BY DEFAULT AS IDENTITY, STEP INTEGER NOT NULL, COORDINATES INTEGER NOT NULL, CONSTRAINT PKEY_STEP_COORDINATES PRIMARY KEY (ID));
CREATE TABLE USERFRAME (ID INTEGER NOT NULL GENERATED BY DEFAULT AS IDENTITY, NUMBER INTEGER NOT NULL, ZSAFE DOUBLE NOT NULL, LOCATION INTEGER NOT NULL, CONSTRAINT PRKEY_USERFRAME PRIMARY KEY (ID));
INSERT INTO USERFRAME (ID, NUMBER, ZSAFE, LOCATION) VALUES (2, 1, 20.0, 2);
INSERT INTO USERFRAME (ID, NUMBER, ZSAFE, LOCATION) VALUES (1, 3, 20.0, 1);
CREATE TABLE WORKAREA (ID INTEGER NOT NULL GENERATED BY DEFAULT AS IDENTITY, ZONE INTEGER NOT NULL, USERFRAME INTEGER NOT NULL, NAME VARCHAR(100) NOT NULL, CONSTRAINT PRKEY_WORKAREA PRIMARY KEY (ID), CONSTRAINT WORKAREA_NAME UNIQUE (NAME));
INSERT INTO WORKAREA (ID, ZONE, USERFRAME, NAME) VALUES (1, 1, 1, 'Mazak VRX J500 Main');
INSERT INTO WORKAREA (ID, ZONE, USERFRAME, NAME) VALUES (2, 2, 2, 'IRS M Basic Main');
INSERT INTO WORKAREA (ID, ZONE, USERFRAME, NAME) VALUES (3, 3, 2, 'Präge Device Main');
CREATE TABLE WORKAREA_CLAMPING (ID INTEGER NOT NULL GENERATED BY DEFAULT AS IDENTITY, WORKAREA INTEGER NOT NULL, CLAMPING INTEGER NOT NULL, CONSTRAINT PKEY_WORKAREA_CLAMPING PRIMARY KEY (ID));
INSERT INTO WORKAREA_CLAMPING (ID, WORKAREA, CLAMPING) VALUES (1, 1, 1);
INSERT INTO WORKAREA_CLAMPING (ID, WORKAREA, CLAMPING) VALUES (2, 3, 2);
INSERT INTO WORKAREA_CLAMPING (ID, WORKAREA, CLAMPING) VALUES (3, 2, 3);
CREATE TABLE WORKPIECE (ID INTEGER NOT NULL GENERATED BY DEFAULT AS IDENTITY, TYPE INTEGER NOT NULL, SHAPE INTEGER NOT NULL, LENGTH DOUBLE NOT NULL, WIDTH DOUBLE NOT NULL, HEIGHT DOUBLE NOT NULL, CONSTRAINT PKEY_WORKPIECE PRIMARY KEY (ID));
INSERT INTO WORKPIECE (ID, TYPE, SHAPE, LENGTH, WIDTH, HEIGHT) VALUES (1, 1, 1, 140.0, 100.0, 40.0);
INSERT INTO WORKPIECE (ID, TYPE, SHAPE, LENGTH, WIDTH, HEIGHT) VALUES (2, 2, 1, 140.0, 100.0, 30.0);
CREATE TABLE WORKPIECESHAPE (ID INTEGER NOT NULL GENERATED BY DEFAULT AS IDENTITY, NAME VARCHAR(100) NOT NULL, CONSTRAINT PKEY_WORKPIECESHAPE PRIMARY KEY (ID));
INSERT INTO WORKPIECESHAPE (ID, NAME) VALUES (1, 'CUBOID');
CREATE TABLE WORKPIECETYPE (ID INTEGER NOT NULL GENERATED BY DEFAULT AS IDENTITY, NAME VARCHAR(100) NOT NULL, CONSTRAINT PKEY_WORKPIECETYPE PRIMARY KEY (ID));
INSERT INTO WORKPIECETYPE (ID, NAME) VALUES (1, 'RAW');
INSERT INTO WORKPIECETYPE (ID, NAME) VALUES (2, 'FINISHED');
CREATE TABLE ZONE (ID INTEGER NOT NULL GENERATED BY DEFAULT AS IDENTITY, DEVICE INTEGER NOT NULL, NAME VARCHAR(100) NOT NULL, CONSTRAINT PRKEY_ZONE PRIMARY KEY (ID), CONSTRAINT ZONE_NAME UNIQUE (NAME));
INSERT INTO ZONE (ID, DEVICE, NAME) VALUES (1, 1, 'Mazak VRX J500 Main Zone');
INSERT INTO ZONE (ID, DEVICE, NAME) VALUES (2, 2, 'IRS M Basic Main Zone');
INSERT INTO ZONE (ID, DEVICE, NAME) VALUES (3, 3, 'Präge Device Zone');
ALTER TABLE CLAMPING ADD CONSTRAINT CLAMPING_POSITION FOREIGN KEY (RELATIVE_POSITION) REFERENCES COORDINATES (ID);
ALTER TABLE CLAMPING ADD CONSTRAINT CLAMPING_SMOOTH_FROM FOREIGN KEY (SMOOTH_FROM) REFERENCES COORDINATES (ID);
ALTER TABLE CLAMPING ADD CONSTRAINT CLAMPING_SMOOTH_TO FOREIGN KEY (SMOOTH_TO) REFERENCES COORDINATES (ID);
ALTER TABLE CLAMPING_CLAMPING ADD CONSTRAINT CLAMPING_CLAMPING_1 FOREIGN KEY (CLAMPING1) REFERENCES CLAMPING (ID);
ALTER TABLE CLAMPING_CLAMPING ADD CONSTRAINT CLAMPING_CLAMPING_2 FOREIGN KEY (CLAMPING2) REFERENCES CLAMPING (ID);
ALTER TABLE CNCMILLINGMACHINE ADD CONSTRAINT CNCMILLINGMACHINE_DEVICE FOREIGN KEY (ID) REFERENCES DEVICE (ID);
ALTER TABLE CNCMILLINGMACHINE ADD CONSTRAINT CNCMILLINGMACHINE_DEVICEINTERFACE FOREIGN KEY (DEVICEINTERFACE) REFERENCES DEVICEINTERFACE (ID);
ALTER TABLE DEVICEACTIONSETTINGS ADD CONSTRAINT DEVICEACTIONSETTINGS_DEVICE FOREIGN KEY (DEVICE) REFERENCES DEVICE (ID);
ALTER TABLE DEVICEACTIONSETTINGS ADD CONSTRAINT DEVICEACTIONSETTINGS_STEP FOREIGN KEY (STEP) REFERENCES STEP (ID);
ALTER TABLE DEVICEACTIONSETTINGS ADD CONSTRAINT DEVICEACTIONSETTINGS_WORKAREA FOREIGN KEY (WORKAREA) REFERENCES WORKAREA (ID);
ALTER TABLE DEVICEINTERFACE ADD CONSTRAINT DEVICEINTERFACE_SOCKETCONNECTION FOREIGN KEY (SOCKETCONNECTION) REFERENCES SOCKETCONNECTION (ID);
ALTER TABLE DEVICESETTINGS ADD CONSTRAINT DEVICESETTINGS_DEVICE FOREIGN KEY (DEVICE) REFERENCES DEVICE (ID);
ALTER TABLE DEVICESETTINGS ADD CONSTRAINT DEVICESETTINGS_PROCESSFLOW FOREIGN KEY (PROCESSFLOW) REFERENCES PROCESSFLOW (ID);
ALTER TABLE DEVICESETTINGS_WORKAREA_CLAMPING ADD CONSTRAINT DEVICESETTINGS_WORKAREA_CLAMPING_DEVICESETTINGS FOREIGN KEY (DEVICESETTINGS) REFERENCES DEVICESETTINGS (ID);
ALTER TABLE DEVICESETTINGS_WORKAREA_CLAMPING ADD CONSTRAINT DEVICESETTINGS_WORKAREA_CLAMPING_WORKAREA_CLAMPING FOREIGN KEY (WORKAREA_CLAMPING) REFERENCES WORKAREA_CLAMPING (ID);
ALTER TABLE FANUCROBOT ADD CONSTRAINT FANUCROBOT_ROBOT FOREIGN KEY (ID) REFERENCES ROBOT (ID);
ALTER TABLE FANUCROBOT ADD CONSTRAINT FANUCROBOT_SOCKETCONNECTION FOREIGN KEY (SOCKETCONNECTION) REFERENCES SOCKETCONNECTION (ID);
ALTER TABLE GRIPPERHEAD ADD CONSTRAINT GRIPPERHEAD_GRIPPERBODY FOREIGN KEY (GRIPPERBODY) REFERENCES GRIPPERBODY (ID);
ALTER TABLE GRIPPERHEAD_GRIPPER ADD CONSTRAINT GRIPPERHEAD_GRIPPER_GRIPPER FOREIGN KEY (GRIPPER) REFERENCES GRIPPER (ID);
ALTER TABLE GRIPPERHEAD_GRIPPER ADD CONSTRAINT GRIPPERHEAD_GRIPPER_GRIPPERHEAD FOREIGN KEY (GRIPPERHEAD) REFERENCES GRIPPERHEAD (ID);
ALTER TABLE INTERVENTIONSTEP ADD CONSTRAINT INTERVENTIONSTEP_STEP FOREIGN KEY (ID) REFERENCES STEP (ID);
ALTER TABLE ROBOTACTIONSETTINGS ADD CONSTRAINT ROBOTACTIONSETTINGS_GRIPPERHEAD FOREIGN KEY (GRIPPERHEAD) REFERENCES GRIPPERHEAD (ID);
ALTER TABLE ROBOTACTIONSETTINGS ADD CONSTRAINT ROBOTACTIONSETTINGS_ROBOT FOREIGN KEY (ROBOT) REFERENCES ROBOT (ID);
ALTER TABLE ROBOTACTIONSETTINGS ADD CONSTRAINT ROBOTACTIONSETTINGS_SMOOTH FOREIGN KEY (SMOOTHPOINT) REFERENCES COORDINATES (ID);
ALTER TABLE ROBOTACTIONSETTINGS ADD CONSTRAINT ROBOTACTIONSETTINGS_STEP FOREIGN KEY (STEP) REFERENCES STEP (ID);
ALTER TABLE ROBOTPICKSETTINGS ADD CONSTRAINT ROBOTPICKSETTINGS_ROBOTACTIONSETTINGS FOREIGN KEY (ID) REFERENCES ROBOTACTIONSETTINGS (ID);
ALTER TABLE ROBOTPICKSETTINGS ADD CONSTRAINT ROBOTPICKSETTINGS_WORKPIECE FOREIGN KEY (WORKPIECE) REFERENCES WORKPIECE (ID);
ALTER TABLE ROBOTPUTSETTINGS ADD CONSTRAINT ROBOTPUTSETTINGS_ROBOTACTIONSETTINGS FOREIGN KEY (ID) REFERENCES ROBOTACTIONSETTINGS (ID);
ALTER TABLE ROBOTSETTINGS ADD CONSTRAINT ROBOTSETTINGS_GRIPPERBODY FOREIGN KEY (ACTIVEGRIPPERBODY) REFERENCES GRIPPERBODY (ID);
ALTER TABLE ROBOTSETTINGS ADD CONSTRAINT ROBOTSETTINGS_PROCESSFLOW FOREIGN KEY (PROCESSFLOW) REFERENCES PROCESSFLOW (ID);
ALTER TABLE ROBOTSETTINGS ADD CONSTRAINT ROBOTSETTINGS_ROBOT FOREIGN KEY (ROBOT) REFERENCES ROBOT (ID);
ALTER TABLE ROBOTSETTINGS_GRIPPERHEAD_GRIPPER ADD CONSTRAINT ROBOTSETTINGS_ACTIVE_GRIPPERS_GRIPPERHEAD_GRIPPER FOREIGN KEY (GRIPPERHEAD_GRIPPER) REFERENCES GRIPPERHEAD_GRIPPER (ID);
ALTER TABLE ROBOTSETTINGS_GRIPPERHEAD_GRIPPER ADD CONSTRAINT ROBOTSETTINGS_ACTIVE_GRIPPERS_ROBOTSETTINGS FOREIGN KEY (ROBOTSETTINGS) REFERENCES ROBOTSETTINGS (ID);
ALTER TABLE ROBOT_GRIPPERBODY ADD CONSTRAINT ROBOT_GRIPPERBODY_GRIPPERBODY FOREIGN KEY (GRIPPERBODY) REFERENCES GRIPPERBODY (ID);
ALTER TABLE ROBOT_GRIPPERBODY ADD CONSTRAINT ROBOT_GRIPPERBODY_ROBOT FOREIGN KEY (ROBOT) REFERENCES ROBOT (ID);
ALTER TABLE STACKPLATE ADD CONSTRAINT STACKPLATE_DEVICE FOREIGN KEY (ID) REFERENCES DEVICE (ID);
ALTER TABLE STACKPLATESETTINGS ADD CONSTRAINT BASICSTACKPLATESETTINGS_DEVICESETTINGS FOREIGN KEY (ID) REFERENCES DEVICESETTINGS (ID);
ALTER TABLE STACKPLATESETTINGS ADD CONSTRAINT BASICSTACKPLATESETTINGS_FINISHEDWORKPIECE FOREIGN KEY (FINISHEDWORKPIECE) REFERENCES WORKPIECE (ID);
ALTER TABLE STACKPLATESETTINGS ADD CONSTRAINT BASICSTACKPLATESETTINGS_RAWWORKPIECE FOREIGN KEY (RAWWORKPIECE) REFERENCES WORKPIECE (ID);
ALTER TABLE STEP ADD CONSTRAINT STEP_PROCESSFLOW FOREIGN KEY (PROCESSFLOW) REFERENCES PROCESSFLOW (ID);
ALTER TABLE STEP_COORDINATES ADD CONSTRAINT STEP_COORDINATES_COORDINATES FOREIGN KEY (COORDINATES) REFERENCES COORDINATES (ID);
ALTER TABLE STEP_COORDINATES ADD CONSTRAINT STEP_COORDINATES_STEP FOREIGN KEY (STEP) REFERENCES STEP (ID);
ALTER TABLE USERFRAME ADD CONSTRAINT USERFRAME_COORDINATES FOREIGN KEY (LOCATION) REFERENCES COORDINATES (ID);
ALTER TABLE WORKAREA ADD CONSTRAINT WORKAREA_USERFRAME FOREIGN KEY (USERFRAME) REFERENCES USERFRAME (ID);
ALTER TABLE WORKAREA ADD CONSTRAINT WORKAREA_ZONE FOREIGN KEY (ZONE) REFERENCES ZONE (ID);
ALTER TABLE WORKAREA_CLAMPING ADD CONSTRAINT WORKAREA_CLAMPING_CLAMPING FOREIGN KEY (CLAMPING) REFERENCES CLAMPING (ID);
ALTER TABLE WORKAREA_CLAMPING ADD CONSTRAINT WORKAREA_CLAMPING_WORKAREA FOREIGN KEY (WORKAREA) REFERENCES WORKAREA (ID);
ALTER TABLE ZONE ADD CONSTRAINT ZONE_DEVICE FOREIGN KEY (DEVICE) REFERENCES DEVICE (ID);
